{"weights":[2.6218205082040686,0.33768016709969095],"bias":0.5184986430869301,"featureMeans":[0.02168880365163089,0.7459523108627816],"featureStds":[0.06418631219641553,0.435324546495311]}